review,rating,date,review_length,bank,source
it's not working,3,2025-06-05,16,BOA,Google Play Store
"Hello, I‚Äôm facing a problem with the BOA Mobile app. Every time I enter my phone number and password, the app crashes and shows an error that says ‚ÄúBoaMobile closed because this app has a bug.‚Äù I tried updating, reinstalling, and clearing cache, but nothing worked. Please fix this bug in the next update. I really need access to my account. Thank you.",1,2025-06-03,352,BOA,Google Play Store
exceptional,5,2025-06-03,11,BOA,Google Play Store
BoA Mobile good bank,5,2025-06-02,20,BOA,Google Play Store
this is worest app 24/7 loading,1,2025-06-01,31,BOA,Google Play Store
This App is not interest for Android phone Please update it .,1,2025-06-01,61,BOA,Google Play Store
BoA system is confartable,5,2025-06-01,25,BOA,Google Play Store
very nice Abyssinia bank is choice all,5,2025-05-31,38,BOA,Google Play Store
"this app, for me , is a waste of time. It doesn't work . I can't even long in, and it really piss me off. FIX THE PROBLEM",1,2025-05-27,121,BOA,Google Play Store
Good service.,3,2025-05-25,13,BOA,Google Play Store
the app crush frequently,1,2025-05-24,24,BOA,Google Play Store
good,5,2025-05-22,4,BOA,Google Play Store
You guys keeps getting worst,1,2025-05-22,28,BOA,Google Play Store
"This app is a joke. It crashes more than it works, takes forever to load, and half the features are just decorative at this point. Can‚Äôt log in, can‚Äôt transfer money, can‚Äôt even check my balance without it bugging out. To the developer: Are you actually trying to make this work, or is this some kind of social experiment to test our patience? Did you build this in your sleep? Because it definitely looks like it. If this is your idea of a functional app, maybe consider a different career pathüôè",1,2025-05-21,496,BOA,Google Play Store
BoA,2,2025-05-20,3,BOA,Google Play Store
but not opening on android,4,2025-05-19,26,BOA,Google Play Store
Worst App ever. Totally unreliable. And it didn't work at all for the last 4 months.,1,2025-05-18,84,BOA,Google Play Store
amazing,5,2025-05-18,7,BOA,Google Play Store
excellent app,4,2025-05-16,13,BOA,Google Play Store
excellent,5,2025-05-15,9,BOA,Google Play Store
·àû·àã·ã¨ ·ä®·â†·ã∞,5,2025-05-14,7,BOA,Google Play Store
"this app does no work on Samsung a51, it just gives a preview of the logo",1,2025-05-11,73,BOA,Google Play Store
nice,5,2025-05-10,4,BOA,Google Play Store
"i entered incorrect security question by mistake boa app lock pin forever, why is there no other options? ?? i contacted different branchs more then 4times but they didn't able to solve this issue .",5,2025-05-10,198,BOA,Google Play Store
Best app,5,2025-05-09,8,BOA,Google Play Store
liking this application good üëç,5,2025-05-07,30,BOA,Google Play Store
"This app future is good, but there is problems with apps to reset and activate it, which is difficult even to the branch staffs, and it takes too long times to active at the branch plus most of the time high expected failure of activation after process at the counter and OTP sent not work",1,2025-05-06,289,BOA,Google Play Store
wow,5,2025-04-28,3,BOA,Google Play Store
it's really good üëç,5,2025-04-23,18,BOA,Google Play Store
Bad app . it stuck when you open and noting WORKS.,1,2025-04-23,50,BOA,Google Play Store
"the app isn't working after it asked me the password it starts loading, but it doesn't open",3,2025-04-20,91,BOA,Google Play Store
Best,2,2025-04-19,4,BOA,Google Play Store
It keeps showing this pop up to turn off developer options even tho it's off! I had to turn on and then off to make it work! This is a horrible experience and needs a fix asap! Plus kinda slow.,1,2025-04-19,193,BOA,Google Play Store
yideg,1,2025-04-18,5,BOA,Google Play Store
·ä†·ã≠·ä®·çç·âµ·àù ·ä•·äÆ,1,2025-04-17,9,BOA,Google Play Store
great boa,5,2025-04-10,9,BOA,Google Play Store
boa of mobile backing,5,2025-04-09,21,BOA,Google Play Store
faster bank of Abissinya,5,2025-04-08,24,BOA,Google Play Store
i would have given it a lower if it was possible because it crush so much and it take the bank so long to fix the bug,1,2025-04-08,117,BOA,Google Play Store
it just doesn't work...so frustrating,1,2025-04-07,37,BOA,Google Play Store
like,5,2025-04-06,4,BOA,Google Play Store
it's not work correctly... you must have update it,1,2025-04-06,50,BOA,Google Play Store
"the app gets a considerable improvements like language , QR scanner and unlimited transfers survice. but BOA Please do alot on its fastness and convenient when we login and making a transactions.",5,2025-04-04,195,BOA,Google Play Store
after i typed in my password it says successfully logged out ...and goes back to the first page,2,2025-04-04,95,BOA,Google Play Store
good but they don't update enough don't add new things,3,2025-04-04,54,BOA,Google Play Store
very good,5,2025-04-03,9,BOA,Google Play Store
thank you,5,2025-04-02,9,BOA,Google Play Store
it doesn't work period z slowest mobile banking ever i would rather use *815#,1,2025-04-01,77,BOA,Google Play Store
"after activated the application it not allowed to sign , automatically it is turn off In my phone, why ?",1,2025-03-31,104,BOA,Google Play Store
good application,5,2025-03-30,16,BOA,Google Play Store
this version is not working for me I cannot even buy card. I cannot send money,1,2025-03-30,78,BOA,Google Play Store
"It can't actively on initialization, it says incorrect OTP getting the exact OTP",1,2025-03-29,80,BOA,Google Play Store
always problematic hardly works,1,2025-03-26,31,BOA,Google Play Store
considering the fact the bank is huge this app really bad you could do better,1,2025-03-25,77,BOA,Google Play Store
best app,5,2025-03-25,8,BOA,Google Play Store
"worst app and Bank ever u be ashamed, scammer",1,2025-03-24,45,BOA,Google Play Store
great BoA,5,2025-03-22,9,BOA,Google Play Store
best,5,2025-03-21,4,BOA,Google Play Store
i have went to the bank so many times because i couldn't make any transaction i can only see my balance nothing else so what is the point of having mobile banking if i can't make any transaction with it please work in that,1,2025-03-21,222,BOA,Google Play Store
there is no speed,1,2025-03-19,17,BOA,Google Play Store
"For anyone who wants to download it, just don't!!!",1,2025-03-19,50,BOA,Google Play Store
wonderful,5,2025-03-19,9,BOA,Google Play Store
all worck,5,2025-03-19,9,BOA,Google Play Store
Loved it,5,2025-03-14,8,BOA,Google Play Store
Wow,1,2025-03-14,3,BOA,Google Play Store
"Edit: New bug, app not letting me type in my otp codes. Shameful Why does this app not allow me to use it while having developer options on? Did y'all consider that I might, perhaps, be an actual developer? Why am I expected to toggle the option on and off just to bank (restarting my phone when I do)? Why is the message labled as somthing that will ""smoothen"" the experience? This is like the most ""security consultant"" thing to implement in an app. Please invest in actual security, not this mess.",1,2025-03-12,500,BOA,Google Play Store
Improved to be the best,5,2025-03-11,23,BOA,Google Play Store
"Decent, but there problems sometimes it says error When i transfer money but infact it transferred because of this bug i transferred 2 times instead of 1 and also we can't transfer money to others telebirr acc we only can to our self BOE Dev fix this !!!",3,2025-03-11,254,BOA,Google Play Store
BoA Greqt Ethiopian bank.,5,2025-03-11,25,BOA,Google Play Store
"The bug is still there,the app crashes every time i try to log in, especially in old phones like my Galaxy A32",1,2025-03-10,110,BOA,Google Play Store
Almost better compared to cbe where it is not qualified for,4,2025-03-09,59,BOA,Google Play Store
what awesome apps. it is very simple to use and more much important apps.,5,2025-03-09,73,BOA,Google Play Store
Wonderfull app,5,2025-03-08,14,BOA,Google Play Store
i can't use this app why?,5,2025-03-07,25,BOA,Google Play Store
Worst mobile banking app I ever experienced I was blaming other apps but comparing with this they're too much better!!!! It clashes it takes much longer time to login while loading in short it's a complete of trash,1,2025-03-06,214,BOA,Google Play Store
bro the worst app made by human kind!! as a software engineer it make me so sad seeing enterprise as big as BOA make apps like this. it is a disgrace for our country!!,1,2025-03-05,167,BOA,Google Play Store
AGA B Girja Miss language of admin Afaan oromo & other Itoophiyaa languages,1,2025-03-04,75,BOA,Google Play Store
Good app,5,2025-03-03,8,BOA,Google Play Store
"I downloaded the app for the first time while reading other customers reviews and as soon as i installed and opened the app it closes back automatically, what unserious bank, now i uninstalled the app immediately",1,2025-03-03,212,BOA,Google Play Store
It has good features but sometimes it doesn't work...0,1,2025-03-02,54,BOA,Google Play Store
Very poor proformance,1,2025-03-01,21,BOA,Google Play Store
It's not opening. Really frustrating,1,2025-03-01,36,BOA,Google Play Store
Verry Amazing App from all IB,5,2025-03-01,29,BOA,Google Play Store
Not working on this days,1,2025-02-26,24,BOA,Google Play Store
Thank you BoA,5,2025-02-23,13,BOA,Google Play Store
best banking app in the wworld,5,2025-02-22,30,BOA,Google Play Store
Nice app and it's easy to use,5,2025-02-21,29,BOA,Google Play Store
"please add language in the apps setting(amharic afan oromo, tigniya,and others) sometimes bank to bank transfer is not available through time and even if if it is available not reachable‚Ä¶it is serious issue!",1,2025-02-15,207,BOA,Google Play Store
This is help full i like ittttt,5,2025-02-14,31,BOA,Google Play Store
The is not functional at all?,2,2025-02-12,29,BOA,Google Play Store
Best bank,5,2025-02-08,9,BOA,Google Play Store
Make it easy and convienient to use and perfect for all to high prefrence and choice.,3,2025-02-07,85,BOA,Google Play Store
üá™üáπüá™üáπüá™üáπüá™üáπüá™üáπüá™üáπüëçüëçüëçüëçüëçüëçüëç,5,2025-02-04,19,BOA,Google Play Store
I have been using this app for two years.It is amazing.,5,2025-02-01,55,BOA,Google Play Store
Good üëç,5,2025-01-31,6,BOA,Google Play Store
Sad experience,1,2025-01-30,14,BOA,Google Play Store
Always do update and that is annoying,3,2025-01-27,37,BOA,Google Play Store
"Best app, somehow waiting a few minutes",5,2025-01-23,39,BOA,Google Play Store
I can't dijitalize my atm in the apollo app on my phone,1,2025-01-22,55,BOA,Google Play Store
Whenever I try to sign in app close please fixed it out,2,2025-01-21,55,BOA,Google Play Store
Beter,5,2025-01-21,5,BOA,Google Play Store
Boa,4,2025-01-18,3,BOA,Google Play Store
·â†·å£·àù ·ã®·àö·ã´·àµ·å†·àã ·ä†·çï ·â†·å£·àù ·ã®·ãà·à®·ã∞ ·ãú·àÆ ·äê·ãç ·ã®·àù·à∞·å†·ãç ·ãò·àÆ It's not App it's very slow ehhhh. Why don't you upgrade the app???? It's always zero,1,2025-01-18,123,BOA,Google Play Store
Aadan Axmed Barkhadle,5,2025-01-17,21,BOA,Google Play Store
üò°üò°üò°ü§¨ü§¨ü§¨,1,2025-01-16,6,BOA,Google Play Store
Horrible customer service and app crashes Horrible!!,1,2025-01-15,52,BOA,Google Play Store
I love it,5,2025-01-14,9,BOA,Google Play Store
It keeps asking me to turn off developer mode even when dev mode is off. Couldn't use it.,1,2025-01-13,89,BOA,Google Play Store
Goodüôè,5,2025-01-12,5,BOA,Google Play Store
Like to much,5,2025-01-11,12,BOA,Google Play Store
Thank you,5,2025-01-10,9,BOA,Google Play Store
Perfect,5,2025-01-09,7,BOA,Google Play Store
The best of best,5,2025-01-09,16,BOA,Google Play Store
I was using this app for long time it amazing user friendly UI but the i can't found for get pin button in the app,3,2025-01-07,114,BOA,Google Play Store
Great üëç,5,2025-01-04,7,BOA,Google Play Store
Fast and suitable for the customers.,5,2025-01-04,36,BOA,Google Play Store
Good app and helpful,5,2025-01-03,20,BOA,Google Play Store
"I will give only one star, because it faced with multiple of problems. 1. The app is not as fast as the other banks App, for e.g like CBE 2. The App asks repeatedly to switch off developer options, even if it is switched off. 3. Bank of Abyssinia's services are interesting, but they ignored the issues on the App service. 4. Most customers gave a complain on the App, but no one accept their complain to fix the issue. 5. Lastly, I will not recommend the App unless the issue has been solved ASAP!!",1,2025-01-03,499,BOA,Google Play Store
By assessing this you can tell Abyssinia bank has no idea what mobile banking is ?,1,2025-01-02,82,BOA,Google Play Store
It doesn't work at all.,2,2025-01-02,23,BOA,Google Play Store
this app is not available,1,2025-01-02,25,BOA,Google Play Store
Wow what amazing,5,2024-12-30,16,BOA,Google Play Store
love it,5,2024-12-30,7,BOA,Google Play Store
·â†·å£·àù ·àò·àª·àª·àç ·ä†·àà·â†·âµ....... ·àà ·â£·äï·ä© ·àõ·ã≠·àò·å•·äï ·àò·â∞·åç·â†·à≠·ã´ ·äê·ãç ::,2,2024-12-30,45,BOA,Google Play Store
Lemn embi yilal??,5,2024-12-30,17,BOA,Google Play Store
Good,5,2024-12-30,4,BOA,Google Play Store
It's useless app downgraded.,1,2024-12-29,28,BOA,Google Play Store
Why is not letting me access my account. The whole point of this app is for me to gey access to my account without physically being at the bank. I would give it a zero but a one will suffice to get my point accross.,1,2024-12-27,215,BOA,Google Play Store
Nice,5,2024-12-26,4,BOA,Google Play Store
When are you going to get rid of this and have a real app that works? By far the worst mobile banking app.,1,2024-12-24,106,BOA,Google Play Store
·ä†·ã≠·à∞·à´·àù ·àº·àù ·äê·ãç·ç§,1,2024-12-23,12,BOA,Google Play Store
Not that much bad,3,2024-12-22,17,BOA,Google Play Store
Fine,5,2024-12-21,4,BOA,Google Play Store
The dirtiest application ever seen...,1,2024-12-20,37,BOA,Google Play Store
Nic ap,5,2024-12-19,6,BOA,Google Play Store
The forest app ever,1,2024-12-19,19,BOA,Google Play Store
"I love BoA more than anyone but they are cursed when it comed to mobile banking. Even though this ine is hetter it still s*cks! It will ask me to turn off developer options other wise it won't work! I use CBE, Awash birr, tekebirr, Dashen bank and others but non of them asked me this, why only BoA? Please improve your mobile banking, be competitive!",1,2024-12-19,351,BOA,Google Play Store
Bank of abissena,1,2024-12-17,16,BOA,Google Play Store
"Easy and sooo simple to use it, also its easy to stole someones money using the app",3,2024-12-16,83,BOA,Google Play Store
GOOD,5,2024-12-15,4,BOA,Google Play Store
The worst banking app ever. Never works!,1,2024-12-14,40,BOA,Google Play Store
Poorly functioning app,3,2024-12-13,22,BOA,Google Play Store
Very nice,5,2024-12-13,9,BOA,Google Play Store
Your system is the worst you should do betterüò°üò°üò°üò°üò°üò°,2,2024-12-11,51,BOA,Google Play Store
It has been a while since you guys started giving the mobile app service but still couldn't get it to work. I'm sure you know that it doesn't work already but not sure if you're lazy or incompetent to fix it. You are losing business because of this. Complacency will have consequences.,1,2024-12-10,285,BOA,Google Play Store
"This is the best app; many features are awesome, but it should work without the need to turn off the developer options. I'm tired of having to constantly switch the developer options off and on. I've been expressing my struggles about this. I have precious settings enabled in the developer options, and to open the App Boa app, I have to turn them off. Please help us, Abyssinia Bank. I hope you can provide an update soon.",4,2024-12-08,424,BOA,Google Play Store
"I‚Äôm giving this app one star because there are no options below that. My experience has been incredibly frustrating due to the extremely long loading times, and the app even closes automatically at times. People choose mobile banking for its convenience, but this app is far too time-consuming, making it the worst I‚Äôve used. I hope improvements are made to enhance the user experience.",1,2024-12-07,386,BOA,Google Play Store
Very unprofessional and mischievous bank in my opinion. I have had several occasions but recently I used Abyssinia Card to withdraw money and it was deducted from my account but despite reporting several times they said they are processing it but I learned yesterday that since it has been 3 months the bank has decided to include it in their income. How absurd. If you can avoid this bank.,1,2024-12-06,390,BOA,Google Play Store
It doesn't work on my 2 devices A05 and A34 üò°,1,2024-12-02,45,BOA,Google Play Store
It's better to say I don't use boa rather than pulling your phone out and opening this app,1,2024-12-01,90,BOA,Google Play Store
My attention is very important because it will be the most difficult time for me,5,2024-11-30,80,BOA,Google Play Store
"I have a worst experience while using this mobile application through out the year. Most of the time it fails to ""Login"" or automatically closed the app. And also it takes so much loading time (5 minutes +) trying to access the internal services. Sometimes also while transferring within and to other bank also fails. So, BOA please fix your app.",1,2024-11-29,346,BOA,Google Play Store
I don't know why but your apps start out great then all of a sudden don't workü§∑‚Äç‚ôÄÔ∏è,1,2024-11-28,82,BOA,Google Play Store
This application is losing major factions on a daily basis. I can count how many times I have used this app; it is completely useless and disappointing if I am not going to use it in times of need then I don't see the point.,1,2024-11-28,224,BOA,Google Play Store
exellent digital transaction of money,5,2024-11-27,37,BOA,Google Play Store
The latest update has stopped android 9 phones not to open this App. Never work properly since i started using it.,1,2024-11-26,114,BOA,Google Play Store
Great,5,2024-11-25,5,BOA,Google Play Store
üëèüëèüëè,5,2024-11-24,3,BOA,Google Play Store
Money,5,2024-11-24,5,BOA,Google Play Store
It needs more improvment,2,2024-11-24,24,BOA,Google Play Store
Hey Google,5,2024-11-21,10,BOA,Google Play Store
Ademtahir,5,2024-11-20,9,BOA,Google Play Store
‚úåÔ∏è‚úåÔ∏è,5,2024-11-20,4,BOA,Google Play Store
Please this app on my android phone,3,2024-11-20,35,BOA,Google Play Store
GOAT üêê üêê,5,2024-11-19,8,BOA,Google Play Store
"Your app doesn't match your bank, the app is disaster, super slow. Please learn something from tele birr app.",1,2024-11-19,109,BOA,Google Play Store
Fast and reliable,5,2024-11-18,17,BOA,Google Play Store
"The worst app update ever. Why would you include the ""developer option off"" thing here? Why do you care? It is my phone my money, right? That is the reason why I switched to other banks. So either turn it off or everyone will discontinue their business one by one.",1,2024-11-17,264,BOA,Google Play Store
Very good,5,2024-11-14,9,BOA,Google Play Store
One of the poorest mobile banking system,1,2024-11-13,40,BOA,Google Play Store
‚ù§‚ù§‚ù§‚ù§‚ù§‚ù§,5,2024-11-12,6,BOA,Google Play Store
Oene,5,2024-11-12,4,BOA,Google Play Store
i find it interesting specially in reciept downloading,1,2024-11-12,54,BOA,Google Play Store
it good,5,2024-11-12,7,BOA,Google Play Store
"This app crashes everytime, please fix it",1,2024-11-12,41,BOA,Google Play Store
·ä†·äï·ãµ star ·à´·à± ·ã≠·â†·ãõ·â†·â≥·àç·ç¢ i dont recomend to use this app also the bank,1,2024-11-12,65,BOA,Google Play Store
I need a support the app is not working,5,2024-11-12,39,BOA,Google Play Store
Bast bank of ethiopia,5,2024-11-12,21,BOA,Google Play Store
very slow app. ·ä†·â¢·à≤·äí·ã´·äï ·ä®·àö·ã´·ä≠·àç ·â£·äï·ä≠ ·ã®·àõ·ã≠·å†·â†·âÖ software app. ·ä®·âª·àã·âΩ·àÅ ·àô·àâ ·àà·àô·àâ ·ä•·äï·ã∞·åà·äì ·ä†·à∞·à©·âµ·ç¢·â†·å£·àù ·ã≠·àò·à´·ã´·àç ·ã´·à≥·çç·à´·àç·ç¢·ààapp ·ã®·ãà·å£·ãç ·ãà·å≠ ·â†·àô·àµ·äì ·ã®·â∞·â†·àã ·äê·ãç ·ã®·àö·àò·àµ·àà·ãç·ç¢,1,2024-11-12,126,BOA,Google Play Store
"thank you for your social services like, vertual banking, non touch ATM, Cadrless and withdrwal with out passbook...",5,2024-11-12,116,BOA,Google Play Store
The worst App i have never seen like this before,1,2024-11-12,48,BOA,Google Play Store
Wweeeer,4,2024-11-12,7,BOA,Google Play Store
Infinx,5,2024-11-12,6,BOA,Google Play Store
Great service,5,2024-11-12,13,BOA,Google Play Store
This app is not available on all android versions and some times it is not functional.,1,2024-11-08,86,BOA,Google Play Store
senayt Mesfin,4,2024-11-08,13,BOA,Google Play Store
Bad app vety bad.,1,2024-11-07,17,BOA,Google Play Store
Abessnya Banke,5,2024-11-05,14,BOA,Google Play Store
"The most useless app, I never expected such an irrelevant app from BOA. big shame!",1,2024-11-04,82,BOA,Google Play Store
Okay,5,2024-11-03,4,BOA,Google Play Store
Professional on banking app,5,2024-11-01,27,BOA,Google Play Store
Has some nice interface but always freezes or slow to load .App developers please fix this issue.,3,2024-10-27,97,BOA,Google Play Store
·ä†·ã≠·à∞·à´·àù ·ä†·àµ·â∞·ä´·ä≠·àâ·âµ,5,2024-10-26,13,BOA,Google Play Store
Please try another because this app doesn't feet the need of this generation,1,2024-10-25,76,BOA,Google Play Store
Fast transfer,5,2024-10-24,13,BOA,Google Play Store
"What's up I can't log in, what's wrong",5,2024-10-22,38,BOA,Google Play Store
Amrumehamed,1,2024-10-21,11,BOA,Google Play Store
"Nice to meet you my proud bank in Ethiopia.. I'm a member of this bank, i need to solve my problem of international receiving money for me from my online digital working service's over the world please? I'm working a lot of international money.But i can't get direct in Ethiopia because of don't knowing the legal ways of getting money in Ethiopia please can I get and direct deposit with BoA please üôèüôèüôè?",5,2024-10-18,404,BOA,Google Play Store
·ã∞·ã∞·åà·äê·àê,5,2024-10-15,5,BOA,Google Play Store
"Terrible Bank Experience It‚Äôs unbelievable that with all the modern technology, this bank still struggles with even basic transactions. The app constantly crashes, services are limited, and every time I try to transfer money or load Telebirr, there‚Äôs a huge delay. I have to wait 5 days for failed transactions to be refunded! Even USSD is unreliable. They‚Äôve put me in embarrassing situations countless times, and customer care never fixes anything. I‚Äôve switched banks, and you should too!",1,2024-10-14,491,BOA,Google Play Store
A painfully slow banking app service. Please don't make it your choice!,1,2024-10-13,71,BOA,Google Play Store
Good App,4,2024-10-12,8,BOA,Google Play Store
Best app to me,5,2024-10-11,14,BOA,Google Play Store
BOA,5,2024-10-11,3,BOA,Google Play Store
Abdulkadir,5,2024-10-11,10,BOA,Google Play Store
Bad,1,2024-10-10,3,BOA,Google Play Store
If it is possible I would gove0 star,1,2024-10-08,36,BOA,Google Play Store
Nise mobile bankig,4,2024-10-05,18,BOA,Google Play Store
Overall good app but performance needs some improvement also sometimes when using instant other bank transfers it refuses causing to be repeated several times to transfer,4,2024-10-04,170,BOA,Google Play Store
Just make it work pleaseü§£ this is embarrassing for a bank of your size,1,2024-10-04,70,BOA,Google Play Store
Update to the simplest way it requires the developer option on and off why this is,5,2024-10-04,82,BOA,Google Play Store
"Stop telling me what to do with my phone, BOA. Why does your newly updated app keep asking me to disable the developer options? I‚Äôm not slowing down my phone just to use your God damn app. ü§Æü§Æü§Æü§Æ",1,2024-10-04,193,BOA,Google Play Store
I'm living out of country how may I download and use mobile banking? It asks me the Ethiopia phone number and I can't receive text to confirm because I'm out side the country. So please lete know if I can use while I'm outside the country. Thanks,1,2024-10-04,246,BOA,Google Play Store
Worest app,1,2024-10-03,10,BOA,Google Play Store
The worest app ever,1,2024-10-03,19,BOA,Google Play Store
·ä†·à™·çç ·äê·ãç ·â†·à≠·â±·àç·äï,5,2024-10-03,12,BOA,Google Play Store
Wwwerrr,5,2024-10-02,7,BOA,Google Play Store
·åÄ·àõ·àç ·ãç·âÄ·â±,5,2024-09-30,7,BOA,Google Play Store
Great For Financial company,5,2024-09-30,27,BOA,Google Play Store
Very easy to use,5,2024-09-30,16,BOA,Google Play Store
The App's crash always.. Error.....,3,2024-09-27,35,BOA,Google Play Store
This app is incredibly frustrating to use. It‚Äôs filled with issues that make it difficult to navigate and complete tasks efficiently. I‚Äôve never encountered such a poorly designed banking application before. It needs significant improvements to enhance user experience. It deserves a vey low rating.,1,2024-09-26,299,BOA,Google Play Store
Great UI and seamless UX. I love it!!,5,2024-09-25,37,BOA,Google Play Store
That's too good application but try to add more alternatives and futures or possibilitys for your customers,3,2024-09-25,107,BOA,Google Play Store
It's easy used to operate program and secured üëçüëç,4,2024-09-25,48,BOA,Google Play Store
I bought a mobile card on this app but I didn't receive it and it took my money and I didn't get my money back.,1,2024-09-21,111,BOA,Google Play Store
Amazing,5,2024-09-19,7,BOA,Google Play Store
Great app with great services,5,2024-09-19,29,BOA,Google Play Store
Yes active user,5,2024-09-17,15,BOA,Google Play Store
Shameful,1,2024-09-17,8,BOA,Google Play Store
The worest app ever made i would not recommende for no one,1,2024-09-16,58,BOA,Google Play Store
Good application,5,2024-09-16,16,BOA,Google Play Store
I like,5,2024-09-16,6,BOA,Google Play Store
"How many hours should I wait after transferring money to telebirr, please do something about the transfer delay issue I need my money when ever.",1,2024-09-15,144,BOA,Google Play Store
"BOA is unreasonably holding and delaying transactions for more than a day, even transactions within the same bank itself. This is a huge gap that I observed in BOA mobile banking. I didn't experience this kind of challenge while having transactions in other banks' mobile banking platforms. After waiting so long, I called your customer support team and the response they gave me was ""it was the system that holds the transaction & will be released on working days"". This is not totally fair.",1,2024-09-15,492,BOA,Google Play Store
·ã®·ä•·à≠·àµ·ãé·äï ·â∞·àû·ä≠·àÆ ·ã≠·åç·àà·åπ (·ä†·àõ·à´·å≠),5,2024-09-14,23,BOA,Google Play Store
It's not working. It needs a big update. Can't you update the app quickly?,1,2024-09-14,74,BOA,Google Play Store
"I am Aimohon Joel , It's can be Good for a Better Conversation in Time üôÇ",3,2024-09-14,72,BOA,Google Play Store
"Better app than most mobile apps, but why do I have to turn off developer option every time I wanna use the app?? It's annoying.",1,2024-09-13,128,BOA,Google Play Store
Bes and freindly app,5,2024-09-13,20,BOA,Google Play Store
It doesn't work.,1,2024-09-12,16,BOA,Google Play Store
"It say ""The request was not successful. please check device connectivity or try again"" why? One of the bank manager told me it is because of my phone's android version which is 9.1 It is ridiculous! Disappointing",1,2024-09-11,212,BOA,Google Play Store
How to download or screenshot of payment receipt...what kinda worst app ever ü§Æü§Æü§¢,1,2024-09-11,80,BOA,Google Play Store
Smart technology,5,2024-09-10,16,BOA,Google Play Store
Yegema app tishü™®,1,2024-09-08,16,BOA,Google Play Store
"This is not an appropriate app, i don't know how boa develops this app, i don't expect this much crazy and un confortable app form BOA, I'm soory!!!",1,2024-09-07,148,BOA,Google Play Store
"Shockingly bad! Even when it decides to work, it's painfully slow and frustrating. Such a shame that it has become a stain on an extraordinary bank",1,2024-09-06,147,BOA,Google Play Store
"It crashes frequently. It launches on Android 8.1 but I don't think it actually works on versions less than 10. If so, it shouldn't be available for download by such devices to begin with, like many other finance apps are not. It was so much better three months ago, upgrades should be for the better.",1,2024-09-06,301,BOA,Google Play Store
Awesome application. But lately its crashing everytime i opened it.,4,2024-09-05,67,BOA,Google Play Store
·ä•·åÖ·àù ·â†·å£·àù ·ã∞·ä´·àõ ·ä†·çï ·äê·ãç ·à≤·çà·àç·åç ·ã≠·ä®·çç·â≥·àç ·à≤·çà·àç·åç ·ä†·ã≠·ä®·çç·âµ·àù ·ä®·ä†·ãã·àΩ ·ä•·äì ·äï·åç·ãµ ·â£·äï·ä≠ ·ã®·àò·à≥·à∞·àâ ·â£·äï·äÆ·âΩ ·à≤·ãà·ã≥·ã∞·à≠ ·àû·â£·ã≠·àç ·â£·äï·ä™·äï·åç App ·ä•·åÖ·åç ·ã®·àö·ã´·â†·à≥·å≠ ·äê·ãç ·àà·ãç·å• ·ã´·àµ·çà·àç·åã·âΩ·äã·àç,1,2024-09-05,115,BOA,Google Play Store
Fast one,3,2024-09-04,8,BOA,Google Play Store
Nice looking app but a terrible user experience.,1,2024-09-03,48,BOA,Google Play Store
The worest MB app ever!!üôÑ,1,2024-09-02,25,BOA,Google Play Store
It is ok,5,2024-09-01,8,BOA,Google Play Store
Plz fix the Apps ....screenshot lovation hide from glarey share botten not worküòîüòî,1,2024-08-30,81,BOA,Google Play Store
Apollo's,1,2024-08-29,8,BOA,Google Play Store
The worst experience ever,1,2024-08-29,25,BOA,Google Play Store
Hussenaliumar,5,2024-08-29,13,BOA,Google Play Store
Hi I have problem with this App BOA mobile I don't know what is wrong with this App I did many times download but it's sam doesn't work if sam like that this app way I have to be customer with them how I know my account and checking save The book is no Not enough alone,1,2024-08-28,269,BOA,Google Play Store
It is not work for my device,5,2024-08-27,28,BOA,Google Play Store
"I'm Sick and tiered of enabling and disabling Developer Option Everytime I use this app. maybe you know it maybe you dont, fix it please it's anoying",1,2024-08-26,149,BOA,Google Play Store
The worst app ever,1,2024-08-26,18,BOA,Google Play Store
Betanya Gebre,3,2024-08-23,13,BOA,Google Play Store
I dont recommand it to any one,1,2024-08-23,30,BOA,Google Play Store
Excellent app,5,2024-08-21,13,BOA,Google Play Store
"The application used to work well. But after updates I'm not able to use the forgot password feature, which is blocking me from accessing it as a whole.",1,2024-08-20,152,BOA,Google Play Store
·âµ·à≠·àÉ·àµ,5,2024-08-19,4,BOA,Google Play Store
Gio,4,2024-08-19,3,BOA,Google Play Store
App isn't working,1,2024-08-18,17,BOA,Google Play Store
so far good but always it lugs,3,2024-08-17,30,BOA,Google Play Store
Don't trust this bank and its service.,1,2024-08-16,38,BOA,Google Play Store
"I can not open and use the application,please help me!",5,2024-08-15,54,BOA,Google Play Store
Horrible,1,2024-08-14,8,BOA,Google Play Store
Mostly not working üòë,1,2024-08-14,20,BOA,Google Play Store
Awesome üëå,5,2024-08-12,9,BOA,Google Play Store
"Despite the enhanced technology you have, the application doesn't work properly, and it asks for the developer option to be turned off, fix that.",3,2024-08-12,145,BOA,Google Play Store
Very poor app b/c highly slow to open the app,1,2024-08-12,45,BOA,Google Play Store
Wedi Tekle .,5,2024-08-11,12,BOA,Google Play Store
Bad appüì±üëéüëéüëé,1,2024-08-11,11,BOA,Google Play Store
Dura nan fayyadaman ture amma garuu naaf hojjechaa hin jiru maaf?,5,2024-08-11,65,BOA,Google Play Store
Nice appp,5,2024-08-11,9,BOA,Google Play Store
·à∞·àã·àù ·ä†·â¢·à≤·äí·ã´·ãé·âΩ ·ã®·àû·â£·ã≠·àç ·â£·äï·ä™·äï·åã·âΩ·àÅ ·â∞·å†·âÉ·àö ·äê·äù ·ä†·åà·àç·åç·àé·â±·äï ·àµ·àã·àµ·åÄ·àò·à´·âΩ·àÅ·àà·äï ·ä•·äì·àò·à∞·åç·äì·àà·äï·ç¢ ·äê·åà·à≠ ·åç·äï ·ä†·àà·çé ·ä†·àç·çé ·ã®·äê·â†·à®·ãç ·ã®·àõ·àµ·çà·äï·å†·à™·ã´·ãç ·â†·ä†·åç·â£·â° ·ä†·àà·àò·àµ·à´·âµ ·ä†·àç·çé ·ä†·àç·çé ·ãà·ã∞·àò·àµ·à´·âµ ·â∞·âÄ·ã≠·àØ·àç ·ãµ·àÆ ·ä•·äï·ã∞·äê·â†·à´·âΩ·àÅ ·ä•·äì·ãç·âÉ·àà·äï ·ãò·äï·ãµ·àÆ·àù ·â•·âµ·äñ·à©·àç·äï ·ä•·äï·àò·à≠·å£·àà·äï *·ä®·ãò·àò·äï ·ä†·äï·åâ·ã∞·àç*,3,2024-08-10,180,BOA,Google Play Store
Gooood app my dear,5,2024-08-10,18,BOA,Google Play Store
Harun tamam galanaa,3,2024-08-09,19,BOA,Google Play Store
"A total disaster of an app. Always offline, never works, it's embarassing. I've lost hope and taken my business to a competitor",1,2024-08-08,127,BOA,Google Play Store
Gamebela,1,2024-08-08,8,BOA,Google Play Store
so poor app to use can't start up when open the app,1,2024-08-08,51,BOA,Google Play Store
"This app takes too long time to be opened. And even it is not working simply as other banks application. Why this app does not give a digital invoice. Even, I am not able to find where the screeshot is kept after transaction. So, please the developer should fix all these.",1,2024-08-07,272,BOA,Google Play Store
Good job,5,2024-08-07,8,BOA,Google Play Store
"Worst app ever, not user friendly, even doesn't serve basic functionality correctly, takes to much time to login and navigate through the app, we expected more from this bank",1,2024-08-07,174,BOA,Google Play Store
Bad app .,1,2024-08-06,9,BOA,Google Play Store
"I mean how could a big financial company like this, be this much irresponsible to release this app? You should be ashamed!",1,2024-08-06,122,BOA,Google Play Store
Review,5,2024-08-06,6,BOA,Google Play Store
Goood,4,2024-08-06,5,BOA,Google Play Store
üëéüëéüëéüëéüëéüëéüëéüëéüëé,1,2024-08-06,9,BOA,Google Play Store
Is it necessary to switch off developer options every time to use mobile banking?ü§îü§îüò°üò°üò°,1,2024-08-04,86,BOA,Google Play Store
The previous version is better it doesn't work,1,2024-08-04,46,BOA,Google Play Store
"I don't know what is wrong with BOA as a bank in general. It's been going backwards since last year or so. The app is a disaster to use in every possible way. Not stable to log in and very slow to perform transactions, couldn't take a screenshot (or can't even find the pictures even using its save screenshot option). Most of the time, it fails to perform transactions and so on. Simply, it's the worst!",1,2024-08-03,404,BOA,Google Play Store
"Take some note from CBE mobile banking app, it's the best banking app currently take some note and improve ur app . Sometimes u have to learn from the bests üôå",1,2024-08-03,158,BOA,Google Play Store
It's a useless app,1,2024-08-02,18,BOA,Google Play Store
"It's not working as it was , so much need to improve, it was the best but not anymore",2,2024-08-01,85,BOA,Google Play Store
Poor network,1,2024-08-01,12,BOA,Google Play Store
Not yet completely working this App. i don't know when is it will be working properly! Its Sad!!!,1,2024-07-31,97,BOA,Google Play Store
The app does not open sometimes it says coonection issue which i dont have and after it opens it has bugs while using its not smooth to work with please improve it,1,2024-07-31,163,BOA,Google Play Store
"It's not working totally, what a useless app is it,",1,2024-07-31,51,BOA,Google Play Store
"This app has become the most troubling every day. It doesn't work. I love the bank, and I hate the app",1,2024-07-31,102,BOA,Google Play Store
this is so disappointing app üòû,1,2024-07-31,30,BOA,Google Play Store
·ä†·â¢·àµ·äí·ã´ ·ã®·àÅ·àâ·àù ·àù·à≠·å´,5,2024-07-29,14,BOA,Google Play Store
Nays,5,2024-07-28,4,BOA,Google Play Store
The worst app,1,2024-07-28,13,BOA,Google Play Store
it can't even open and only display error messages,1,2024-07-27,50,BOA,Google Play Store
not active,1,2024-07-27,10,BOA,Google Play Store
To get good quality,5,2024-07-27,19,BOA,Google Play Store
·ä†·ã≠·à∞·à´·àù ·ä•·äÆ ·àù·äï·ãµ·äï ·äê·ãç ·âΩ·åç·à©?,1,2024-07-26,21,BOA,Google Play Store
uselss app dont download,1,2024-07-26,24,BOA,Google Play Store
"Is this app fake i try it not working it say please try again later, unable to make transactions what is the purpose of this app . If it is not working delete it",1,2024-07-25,161,BOA,Google Play Store
"This app didn't work. They have a new version (new app) but still not compatible with my Samsung S8+ , which is v.funny.",1,2024-07-25,120,BOA,Google Play Store
Corrupted and poor app,1,2024-07-24,22,BOA,Google Play Store
When I try to use the application it says 'developer setting should be off' where is the setting to off this play Still doesn't work for me,3,2024-07-24,139,BOA,Google Play Store
FIX YOUR Apollo!! You guys where the best üëå,1,2024-07-23,43,BOA,Google Play Store
Always slow and doesn't work on weekends if you are in a rush or a merchant this app is not for you,1,2024-07-23,99,BOA,Google Play Store
"It's very difficult to use the user, app,ones dawenload the user can't operate well , no one can help me,",1,2024-07-23,105,BOA,Google Play Store
Poor application. It turned off by itself,1,2024-07-23,41,BOA,Google Play Store
Allowed,5,2024-07-23,7,BOA,Google Play Store
It usually crashes and the reason it gives is a problem on internet connection although the internet was fine.,1,2024-07-23,110,BOA,Google Play Store
we want international mobile banking,1,2024-07-22,36,BOA,Google Play Store
"screenshot isn't working, Please modify it",2,2024-07-22,42,BOA,Google Play Store
Naziriet measho 89160437,1,2024-07-22,24,BOA,Google Play Store
Ahmed Mohammed husen,3,2024-07-21,20,BOA,Google Play Store
Is not working both this one and apollo did u make it better pls am gonne stop using this bank because of the mobile banking,1,2024-07-19,124,BOA,Google Play Store
I have experiance,5,2024-07-19,17,BOA,Google Play Store
The App is not working on Android 9.1 at all. It shows an error notification and forcefully closes the app. Must be fixed ASAP.,1,2024-07-19,127,BOA,Google Play Store
Crashes very frequently is not stable overall need improvement such a huge bank needs a better app than the current one,1,2024-07-19,119,BOA,Google Play Store
·à≠·ã≠·à≠·çç,3,2024-07-19,4,BOA,Google Play Store
The previous application is much better than this one,1,2024-07-18,53,BOA,Google Play Store
"Worst app. It is wise to invest money and you can make it like CBE app. Even the incon has no image. My app has better UI than yours. So, please invest more and hire professional developer companies and improve it.",1,2024-07-18,214,BOA,Google Play Store
mal,5,2024-07-16,3,BOA,Google Play Store
It is not working at all,1,2024-07-16,24,BOA,Google Play Store
Excellent,5,2024-07-16,9,BOA,Google Play Store
The poorest mobile banking survice ever. Only error reports frequently,1,2024-07-16,70,BOA,Google Play Store
üòûüòûüòûüòû,1,2024-07-16,4,BOA,Google Play Store
üò°üò°üò°üò°üò°üò°üò°,1,2024-07-15,7,BOA,Google Play Store
The worst banking app,1,2024-07-15,21,BOA,Google Play Store
The app is constantly crashing and freezing when to send to BOA customers' accounts.,1,2024-07-15,84,BOA,Google Play Store
No work app,5,2024-07-15,11,BOA,Google Play Store
Is ok but stop sundenly,5,2024-07-15,23,BOA,Google Play Store
ü§∑ü§∑ü§∑,3,2024-07-15,3,BOA,Google Play Store
experienced,5,2024-07-14,11,BOA,Google Play Store
Very poor app. Its Always cresh and not compatible,2,2024-07-13,50,BOA,Google Play Store
"It's not functional at all. It keeps saying ""error"". Unable to activate.",1,2024-07-13,72,BOA,Google Play Store
I can't believe that Abyssinia develop this kind of trash app it have a lot of issues üëéüëéüëé,1,2024-07-13,89,BOA,Google Play Store
The new app is very good,5,2024-07-13,24,BOA,Google Play Store
It's very good but sometimes isn't work probably,5,2024-07-12,48,BOA,Google Play Store
It doesn't work,1,2024-07-12,15,BOA,Google Play Store
·å≠·à´·àΩ ·ä†·ã≠·äê·çã·àù,1,2024-07-12,9,BOA,Google Play Store
"This is the most stupid app I've seen, why would I turn off developer mode just because you can't make your app secure, this clearly indicates the app has very poor implementation and unskilled developers.. There are a lot of people who need developer option for different reasons. Please for the sake of the bank, fix this thing... Even the most secure international banking apps don't require it. Not to mention the lag and crashes",1,2024-07-12,433,BOA,Google Play Store
The worst mobile banking app,1,2024-07-11,28,BOA,Google Play Store
It is not fast,3,2024-07-11,14,BOA,Google Play Store
Useless,1,2024-07-11,7,BOA,Google Play Store
The app keeps crashing it stops responding while I'm using it or trying to open the app. Now I have to go to the bank in person to do any banking activities. In short it is the worst mobile banking system in Ethiopia,1,2024-07-11,216,BOA,Google Play Store
Too late!,1,2024-07-10,9,BOA,Google Play Store
No work,5,2024-07-10,7,BOA,Google Play Store
"Pretty good for a banking app, it still lacks some things with in the ui and with the speed of the app but overall it's a good application. Thank you 5/5üëçüèª",5,2024-07-09,155,BOA,Google Play Store
After update it doesn't work well,2,2024-07-09,33,BOA,Google Play Store
Error occurred try again for 5 days tele birr user not found ·àà·à´·à¥ ·ä†·ãù·ã§,1,2024-07-08,68,BOA,Google Play Store
Good but Very slow.,1,2024-07-08,19,BOA,Google Play Store
Very good app,5,2024-07-07,13,BOA,Google Play Store
"It is so bad apps ,it doesn't work",1,2024-07-06,34,BOA,Google Play Store
"From now on I will never going to use this app,It is a trash app.No one care about this app from bank I will rate them 0/5.",1,2024-07-06,123,BOA,Google Play Store
It usually crashes and unable to process also it request to off the developer options,1,2024-07-05,85,BOA,Google Play Store
Miliyone.,5,2024-07-05,9,BOA,Google Play Store
Workneh girmamo,5,2024-07-05,15,BOA,Google Play Store
üôèüôèüôè,5,2024-07-05,3,BOA,Google Play Store
"I can't believe in this day and age, one of the major banks of the country can't seem to understand that having a working mobile payment option is a **MUST** to survive. I have decided to move my accounts to CBE and Awash because of this. Can't be bothered with this useless app.",1,2024-07-04,279,BOA,Google Play Store
Is it even working these days? Please check it.,1,2024-07-04,47,BOA,Google Play Store
"The app is essentially unusable, it asks to disable developer mode even when it is already disabled and crashes, sometimes it only works with wifi and sometimes only with data, or it crashes just because.......",1,2024-07-04,210,BOA,Google Play Store
Please make it functional.,5,2024-07-03,26,BOA,Google Play Store
its best app but its don't working in poor connection area so,5,2024-07-03,61,BOA,Google Play Store
Please Recover thank you,5,2024-07-02,24,BOA,Google Play Store
This app doesn't work,1,2024-06-30,21,BOA,Google Play Store
"the app used to run fine, but now it takes like forever to even open the main dashboard and sometimes it just crashes on its own. you guys gotta step it up. we need this app to be way faster",1,2024-06-27,190,BOA,Google Play Store
the underrated app I've ever seen and ur banking system is Soo Idiocracy,1,2024-06-27,72,BOA,Google Play Store
It demands to disable developer option.,1,2024-06-27,39,BOA,Google Play Store
"It's been two months now, I cannot do any transaction using this app. It's really disappointing. I am using bank of Abyssinia currently because it's the nearest bank to my work place. The bank is turning to the worst bank in the country day by day. They always respond to customers that they are updating their system all year long, I think that's what they train their customer service operators to do.",1,2024-06-26,403,BOA,Google Play Store
Open Open service,5,2024-06-26,17,BOA,Google Play Store
·ä†·çë ·â†·å£·àù ·ä†·àµ·â∏·åã·à™ ·àÜ·äó·àç,1,2024-06-25,16,BOA,Google Play Store
Its not working.,1,2024-06-24,16,BOA,Google Play Store
"Riddled with crashes, cant use it anymore. Very frustrating!",1,2024-06-20,60,BOA,Google Play Store
Always error occured. The worst app ever,1,2024-06-20,40,BOA,Google Play Store
·ä®·ãö·àÖ ·âµ·àç·âÖ ·â£·äï·ä≠ ·ã®·àõ·ã≠·å†·â†·âÖ ·ãµ·äï·ãù·ãù·ãù·ãù ·ã´·àà App.... ·ãõ·åç·åç·åç ·äê·ãç ·ã´·à®·åà·äù üò°üò°üò°,1,2024-06-20,53,BOA,Google Play Store
Excellent service,5,2024-06-19,17,BOA,Google Play Store
It's not convenient,1,2024-06-17,19,BOA,Google Play Store
meskelu Metku,5,2024-06-17,13,BOA,Google Play Store
Verry nice,5,2024-06-17,10,BOA,Google Play Store
It has become the most unreliable mibile banking app ever.,1,2024-06-16,58,BOA,Google Play Store
"·ä†·äò·àç·ä¨·àΩ·äë ·â†·àÅ·àâ·àù ·äê·åà·à≠ ·å•·à© ·äê·ãâ,·äê·åà·à≠ ·åç·äï Network ·â†·å£·àù ·äê·ãâ ·ä•·àö·ã´·àµ·â∏·åà·à®·ãç",2,2024-06-13,52,BOA,Google Play Store
The poorest mobile banking I have seen in the industry. Is not stable to login and post transactions. Is not attractive. Error reports frequently.,5,2024-06-13,146,BOA,Google Play Store
üëçüëçüëç,5,2024-06-12,3,BOA,Google Play Store
Really Bank,5,2024-06-12,11,BOA,Google Play Store
I like the the bank of Abyssinia is the best first bank of Ethiopia,1,2024-06-11,67,BOA,Google Play Store
